Campaign,Ad group,Ad type,Status,Final URL,Final URL suffix,Path 1,Path 2,Headline 1,Headline 2,Headline 3,Headline 4,Headline 5,Headline 6,Headline 7,Headline 8,Headline 9,Headline 10,Headline 11,Headline 12,Headline 13,Headline 14,Headline 15,Description 1,Description 2,Description 3,Description 4
Search - Brand & Bands,MusicAngel brand,Responsive search ad,Paused,https://musicangel.ie/,,wedding,bands,MusicAngel Wedding Bands,Four Live Bands Ireland,Wedding Bands From 2450,Check Your Wedding Date,100 Percent Live Music,No Backing Tracks,Compare Four Bands,Same Day Reply,Live Bands Across Ireland,,,,,,,Compare four live Irish wedding bands in one place. Packages from 2450. Check your date.,"100 percent live music, no backing tracks, with a clear quote from Jo within one day.","The Beat Boutique, Sway Social, The Best Men and Blacktye. One enquiry, four bands.",
Search - Brand & Bands,Band names,Responsive search ad,Paused,https://musicangel.ie/compare-bands/,,compare,bands,Compare MusicAngel Bands,The Beat Boutique,Sway Social Weddings,Blacktye Wedding Band,The Best Men Band,Check Your Date,Four Bands One Enquiry,Ireland Wedding Music,,,,,,,,"Compare style, line-up, pricing and packages across MusicAngel live wedding bands.",Ask Jo which bands are available for your date and venue. Reply within one working day.,,
Search - Wedding Bands Ireland,Wedding bands Ireland,Responsive search ad,Paused,https://musicangel.ie/,,wedding,bands,Wedding Bands Ireland,Live Irish Wedding Bands,Four Bands From 2450,Check Date Availability,100 Percent Live Sets,Compare Bands Side By Side,Real Wedding Party Bands,Ireland Wide Wedding Music,Quote Within One Day,,,,,,,"Four live Irish wedding bands, one clear enquiry. Packages from 2450 across Ireland.",Compare styles and date availability. 100 percent live sets with no backing tracks.,Send your date and venue. Jo will confirm which bands are free within one working day.,
Search - Wedding Bands Ireland,Wedding band prices,Responsive search ad,Paused,https://musicangel.ie/wedding-band-cost-ireland/,,pricing,guide,Wedding Band Cost Ireland,2026 Wedding Band Prices,Packages From 2450,Clear Irish Band Pricing,No Hidden Fee Surprises,Get A Tailored Quote,What Your Budget Gets,Compare Package Options,Travel Explained Upfront,,,,,,,"See what Irish wedding bands cost in 2026, what is included, and what changes the quote.",MusicAngel packages start from 2450. Send date and venue for a clear tailored quote.,"Compare evening band, DJ, ceremony and drinks options before you enquire.",
Search - Wedding Bands Ireland,Band and DJ package,Responsive search ad,Paused,https://musicangel.ie/wedding-band-and-dj-package/,,band-dj,package,Wedding Band And DJ,Band And DJ Package,One Team For The Night,Live Band Then DJ,Packages From 2450,Check Date Availability,Ireland Wedding Music,Clear Quote From Jo,,,,,,,,Compare live band and DJ-style evening packages for Irish weddings. Ask about your date.,"One enquiry covers band availability, timings, travel and DJ music after the live sets.",,
Search - Wedding Bands Ireland,Showcases,Responsive search ad,Paused,https://musicangel.ie/wedding-band-showcases/,,showcases,ireland,Wedding Band Showcases,See A Band Before Booking,Live Wedding Bands,Check Showcase Dates,Four Irish Bands,No Backing Tracks,Compare Before You Book,,,,,,,,,"See what to ask, what to listen for, and how MusicAngel bands handle live wedding sets.","Check availability and showcase options for The Beat Boutique, Sway Social and more.",,
Search - Wedding Bands Ireland,Ceremony and drinks music,Responsive search ad,Paused,https://musicangel.ie/drinks-reception-music/,,drinks,music,Drinks Reception Music,Ceremony Music Options,Wedding Music Ireland,Live Music For The Day,Band Add On Options,Check Your Date,One Enquiry To Jo,,,,,,,,,"Plan ceremony, drinks reception, evening band and DJ music from one MusicAngel enquiry.",Ask which bands can cover your full wedding day and what each package includes.,,
Search - Venue Wedding Bands,Ashford Castle,Responsive search ad,Paused,https://musicangel.ie/wedding-band-ashford-castle/,,venues,ashford-castle,Band For Ashford Castle,Ashford Castle Band,Ashford Castle Wedding Band,Wedding Band For Venue,Live Band For Your Venue,Ireland Wedding Bands,Check Your Date,Packages From 2450,100 Percent Live Music,Quote Within One Day,,,,,,Planning a Mayo wedding? Check which MusicAngel bands suit your venue and date.,Four live Irish wedding bands with clear packages and no backing tracks.,Send date and venue. Jo will confirm availability and next steps within one working day.,
Search - Venue Wedding Bands,Dromoland Castle,Responsive search ad,Paused,https://musicangel.ie/wedding-band-dromoland-castle/,,venues,dromoland-castl,Band For Dromoland Castle,Dromoland Castle Band,Dromoland Castle Wedding Band,Wedding Band For Venue,Live Band For Your Venue,Ireland Wedding Bands,Check Your Date,Packages From 2450,100 Percent Live Music,Quote Within One Day,,,,,,Planning a Clare wedding? Check which MusicAngel bands suit your venue and date.,Four live Irish wedding bands with clear packages and no backing tracks.,Send date and venue. Jo will confirm availability and next steps within one working day.,
Search - Venue Wedding Bands,Adare Manor,Responsive search ad,Paused,https://musicangel.ie/wedding-band-adare-manor/,,venues,adare-manor,Band For Adare Manor,Adare Manor Band,Adare Manor Wedding Band,Wedding Band For Venue,Live Band For Your Venue,Ireland Wedding Bands,Check Your Date,Packages From 2450,100 Percent Live Music,Quote Within One Day,,,,,,Planning a Limerick wedding? Check which MusicAngel bands suit your venue and date.,Four live Irish wedding bands with clear packages and no backing tracks.,Send date and venue. Jo will confirm availability and next steps within one working day.,
Search - Venue Wedding Bands,Powerscourt House,Responsive search ad,Paused,https://musicangel.ie/wedding-band-powerscourt-house/,,venues,powerscourt-hou,Band For Powerscourt House,Powerscourt House Band,Powerscourt House Wedding Band,Wedding Band For Venue,Live Band For Your Venue,Ireland Wedding Bands,Check Your Date,Packages From 2450,100 Percent Live Music,Quote Within One Day,,,,,,Planning a Wicklow wedding? Check which MusicAngel bands suit your venue and date.,Four live Irish wedding bands with clear packages and no backing tracks.,Send date and venue. Jo will confirm availability and next steps within one working day.,
Search - Venue Wedding Bands,Tankardstown House,Responsive search ad,Paused,https://musicangel.ie/wedding-band-tankardstown-house/,,venues,tankardstown-ho,Band For Tankardstown House,Tankardstown House Band,Wedding Band For Venue,Live Band For Your Venue,Ireland Wedding Bands,Check Your Date,Packages From 2450,100 Percent Live Music,Quote Within One Day,,,,,,,Planning a Meath wedding? Check which MusicAngel bands suit your venue and date.,Four live Irish wedding bands with clear packages and no backing tracks.,Send date and venue. Jo will confirm availability and next steps within one working day.,
Search - Venue Wedding Bands,The K Club,Responsive search ad,Paused,https://musicangel.ie/wedding-band-the-k-club/,,venues,the-k-club,Band For The K Club,The K Club Band,The K Club Wedding Band,Wedding Band For Venue,Live Band For Your Venue,Ireland Wedding Bands,Check Your Date,Packages From 2450,100 Percent Live Music,Quote Within One Day,,,,,,Planning a Kildare wedding? Check which MusicAngel bands suit your venue and date.,Four live Irish wedding bands with clear packages and no backing tracks.,Send date and venue. Jo will confirm availability and next steps within one working day.,
Search - Venue Wedding Bands,Castle Leslie,Responsive search ad,Paused,https://musicangel.ie/wedding-band-castle-leslie/,,venues,castle-leslie,Band For Castle Leslie,Castle Leslie Band,Castle Leslie Wedding Band,Wedding Band For Venue,Live Band For Your Venue,Ireland Wedding Bands,Check Your Date,Packages From 2450,100 Percent Live Music,Quote Within One Day,,,,,,Planning a Monaghan wedding? Check which MusicAngel bands suit your venue and date.,Four live Irish wedding bands with clear packages and no backing tracks.,Send date and venue. Jo will confirm availability and next steps within one working day.,
Search - Venue Wedding Bands,Lough Eske Castle,Responsive search ad,Paused,https://musicangel.ie/wedding-band-lough-eske-castle/,,venues,lough-eske-cast,Band For Lough Eske Castle,Lough Eske Castle Band,Lough Eske Castle Wedding Band,Wedding Band For Venue,Live Band For Your Venue,Ireland Wedding Bands,Check Your Date,Packages From 2450,100 Percent Live Music,Quote Within One Day,,,,,,Planning a Donegal wedding? Check which MusicAngel bands suit your venue and date.,Four live Irish wedding bands with clear packages and no backing tracks.,Send date and venue. Jo will confirm availability and next steps within one working day.,
Search - Venue Wedding Bands,Ballyfin Demesne,Responsive search ad,Paused,https://musicangel.ie/wedding-band-ballyfin-demesne/,,venues,ballyfin-demesn,Band For Ballyfin Demesne,Ballyfin Demesne Band,Ballyfin Demesne Wedding Band,Wedding Band For Venue,Live Band For Your Venue,Ireland Wedding Bands,Check Your Date,Packages From 2450,100 Percent Live Music,Quote Within One Day,,,,,,Planning a Laois wedding? Check which MusicAngel bands suit your venue and date.,Four live Irish wedding bands with clear packages and no backing tracks.,Send date and venue. Jo will confirm availability and next steps within one working day.,
Search - Venue Wedding Bands,Ballybeg House,Responsive search ad,Paused,https://musicangel.ie/wedding-band-ballybeg-house/,,venues,ballybeg-house,Band For Ballybeg House,Ballybeg House Band,Ballybeg House Wedding Band,Wedding Band For Venue,Live Band For Your Venue,Ireland Wedding Bands,Check Your Date,Packages From 2450,100 Percent Live Music,Quote Within One Day,,,,,,Planning a Wicklow wedding? Check which MusicAngel bands suit your venue and date.,Four live Irish wedding bands with clear packages and no backing tracks.,Send date and venue. Jo will confirm availability and next steps within one working day.,
Search - Venue Wedding Bands,Cabra Castle,Responsive search ad,Paused,https://musicangel.ie/wedding-band-cabra-castle/,,venues,cabra-castle,Band For Cabra Castle,Cabra Castle Band,Cabra Castle Wedding Band,Wedding Band For Venue,Live Band For Your Venue,Ireland Wedding Bands,Check Your Date,Packages From 2450,100 Percent Live Music,Quote Within One Day,,,,,,Planning a Cavan wedding? Check which MusicAngel bands suit your venue and date.,Four live Irish wedding bands with clear packages and no backing tracks.,Send date and venue. Jo will confirm availability and next steps within one working day.,
Search - Venue Wedding Bands,Mount Juliet Estate,Responsive search ad,Paused,https://musicangel.ie/wedding-band-mount-juliet-estate/,,venues,mount-juliet-es,Band For Mount Juliet Estate,Mount Juliet Estate Band,Wedding Band For Venue,Live Band For Your Venue,Ireland Wedding Bands,Check Your Date,Packages From 2450,100 Percent Live Music,Quote Within One Day,,,,,,,Planning a Kilkenny wedding? Check which MusicAngel bands suit your venue and date.,Four live Irish wedding bands with clear packages and no backing tracks.,Send date and venue. Jo will confirm availability and next steps within one working day.,
Search - Venue Wedding Bands,Carton House,Responsive search ad,Paused,https://musicangel.ie/wedding-band-carton-house/,,venues,carton-house,Band For Carton House,Carton House Band,Carton House Wedding Band,Wedding Band For Venue,Live Band For Your Venue,Ireland Wedding Bands,Check Your Date,Packages From 2450,100 Percent Live Music,Quote Within One Day,,,,,,Planning a Kildare wedding? Check which MusicAngel bands suit your venue and date.,Four live Irish wedding bands with clear packages and no backing tracks.,Send date and venue. Jo will confirm availability and next steps within one working day.,
Search - Venue Wedding Bands,Castlemartyr Resort,Responsive search ad,Paused,https://musicangel.ie/wedding-band-castlemartyr-resort/,,venues,castlemartyr-re,Band For Castlemartyr Resort,Castlemartyr Resort Band,Wedding Band For Venue,Live Band For Your Venue,Ireland Wedding Bands,Check Your Date,Packages From 2450,100 Percent Live Music,Quote Within One Day,,,,,,,Planning a Cork wedding? Check which MusicAngel bands suit your venue and date.,Four live Irish wedding bands with clear packages and no backing tracks.,Send date and venue. Jo will confirm availability and next steps within one working day.,
Search - Venue Wedding Bands,Fota Island Resort,Responsive search ad,Paused,https://musicangel.ie/wedding-band-fota-island-resort/,,venues,fota-island-res,Band For Fota Island Resort,Fota Island Resort Band,Wedding Band For Venue,Live Band For Your Venue,Ireland Wedding Bands,Check Your Date,Packages From 2450,100 Percent Live Music,Quote Within One Day,,,,,,,Planning a Cork wedding? Check which MusicAngel bands suit your venue and date.,Four live Irish wedding bands with clear packages and no backing tracks.,Send date and venue. Jo will confirm availability and next steps within one working day.,
Search - Venue Wedding Bands,Glenlo Abbey Hotel,Responsive search ad,Paused,https://musicangel.ie/wedding-band-glenlo-abbey-hotel/,,venues,glenlo-abbey-ho,Band For Glenlo Abbey Hotel,Glenlo Abbey Hotel Band,Wedding Band For Venue,Live Band For Your Venue,Ireland Wedding Bands,Check Your Date,Packages From 2450,100 Percent Live Music,Quote Within One Day,,,,,,,Planning a Galway wedding? Check which MusicAngel bands suit your venue and date.,Four live Irish wedding bands with clear packages and no backing tracks.,Send date and venue. Jo will confirm availability and next steps within one working day.,
Search - Venue Wedding Bands,Ballymaloe House,Responsive search ad,Paused,https://musicangel.ie/wedding-band-ballymaloe-house/,,venues,ballymaloe-hous,Band For Ballymaloe House,Ballymaloe House Band,Ballymaloe House Wedding Band,Wedding Band For Venue,Live Band For Your Venue,Ireland Wedding Bands,Check Your Date,Packages From 2450,100 Percent Live Music,Quote Within One Day,,,,,,Planning a Cork wedding? Check which MusicAngel bands suit your venue and date.,Four live Irish wedding bands with clear packages and no backing tracks.,Send date and venue. Jo will confirm availability and next steps within one working day.,
Search - Venue Wedding Bands,Mount Falcon Estate,Responsive search ad,Paused,https://musicangel.ie/wedding-band-mount-falcon-estate/,,venues,mount-falcon-es,Band For Mount Falcon Estate,Mount Falcon Estate Band,Wedding Band For Venue,Live Band For Your Venue,Ireland Wedding Bands,Check Your Date,Packages From 2450,100 Percent Live Music,Quote Within One Day,,,,,,,Planning a Mayo wedding? Check which MusicAngel bands suit your venue and date.,Four live Irish wedding bands with clear packages and no backing tracks.,Send date and venue. Jo will confirm availability and next steps within one working day.,
Search - Venue Wedding Bands,Marlfield House,Responsive search ad,Paused,https://musicangel.ie/wedding-band-marlfield-house/,,venues,marlfield-house,Band For Marlfield House,Marlfield House Band,Marlfield House Wedding Band,Wedding Band For Venue,Live Band For Your Venue,Ireland Wedding Bands,Check Your Date,Packages From 2450,100 Percent Live Music,Quote Within One Day,,,,,,Planning a Wexford wedding? Check which MusicAngel bands suit your venue and date.,Four live Irish wedding bands with clear packages and no backing tracks.,Send date and venue. Jo will confirm availability and next steps within one working day.,
Search - Venue Wedding Bands,Faithlegg House Hotel,Responsive search ad,Paused,https://musicangel.ie/wedding-band-faithlegg-house/,,venues,faithlegg-house,Band For Faithlegg House Hotel,Faithlegg House Hotel Band,Wedding Band For Venue,Live Band For Your Venue,Ireland Wedding Bands,Check Your Date,Packages From 2450,100 Percent Live Music,Quote Within One Day,,,,,,,Planning a Waterford wedding? Check which MusicAngel bands suit your venue and date.,Four live Irish wedding bands with clear packages and no backing tracks.,Send date and venue. Jo will confirm availability and next steps within one working day.,
Search - Venue Wedding Bands,Cliff House Hotel,Responsive search ad,Paused,https://musicangel.ie/wedding-band-cliff-house-hotel/,,venues,cliff-house-hot,Band For Cliff House Hotel,Cliff House Hotel Band,Cliff House Hotel Wedding Band,Wedding Band For Venue,Live Band For Your Venue,Ireland Wedding Bands,Check Your Date,Packages From 2450,100 Percent Live Music,Quote Within One Day,,,,,,Planning a Waterford wedding? Check which MusicAngel bands suit your venue and date.,Four live Irish wedding bands with clear packages and no backing tracks.,Send date and venue. Jo will confirm availability and next steps within one working day.,
Search - Venue Wedding Bands,Lyrath Estate,Responsive search ad,Paused,https://musicangel.ie/wedding-band-lyrath-estate/,,venues,lyrath-estate,Band For Lyrath Estate,Lyrath Estate Band,Lyrath Estate Wedding Band,Wedding Band For Venue,Live Band For Your Venue,Ireland Wedding Bands,Check Your Date,Packages From 2450,100 Percent Live Music,Quote Within One Day,,,,,,Planning a Kilkenny wedding? Check which MusicAngel bands suit your venue and date.,Four live Irish wedding bands with clear packages and no backing tracks.,Send date and venue. Jo will confirm availability and next steps within one working day.,
Search - Venue Wedding Bands,Bellinter House,Responsive search ad,Paused,https://musicangel.ie/wedding-band-bellinter-house/,,venues,bellinter-house,Band For Bellinter House,Bellinter House Band,Bellinter House Wedding Band,Wedding Band For Venue,Live Band For Your Venue,Ireland Wedding Bands,Check Your Date,Packages From 2450,100 Percent Live Music,Quote Within One Day,,,,,,Planning a Meath wedding? Check which MusicAngel bands suit your venue and date.,Four live Irish wedding bands with clear packages and no backing tracks.,Send date and venue. Jo will confirm availability and next steps within one working day.,
Search - Venue Wedding Bands,Park Hotel Kenmare,Responsive search ad,Paused,https://musicangel.ie/wedding-band-park-hotel-kenmare/,,venues,park-hotel-kenm,Band For Park Hotel Kenmare,Park Hotel Kenmare Band,Wedding Band For Venue,Live Band For Your Venue,Ireland Wedding Bands,Check Your Date,Packages From 2450,100 Percent Live Music,Quote Within One Day,,,,,,,Planning a Kerry wedding? Check which MusicAngel bands suit your venue and date.,Four live Irish wedding bands with clear packages and no backing tracks.,Send date and venue. Jo will confirm availability and next steps within one working day.,
Search - Venue Wedding Bands,Sheen Falls Lodge,Responsive search ad,Paused,https://musicangel.ie/wedding-band-sheen-falls-lodge/,,venues,sheen-falls-lod,Band For Sheen Falls Lodge,Sheen Falls Lodge Band,Sheen Falls Lodge Wedding Band,Wedding Band For Venue,Live Band For Your Venue,Ireland Wedding Bands,Check Your Date,Packages From 2450,100 Percent Live Music,Quote Within One Day,,,,,,Planning a Kerry wedding? Check which MusicAngel bands suit your venue and date.,Four live Irish wedding bands with clear packages and no backing tracks.,Send date and venue. Jo will confirm availability and next steps within one working day.,
Search - Venue Wedding Bands,Trump International Doonbeg,Responsive search ad,Paused,https://musicangel.ie/wedding-band-trump-international-doonbeg/,,venues,trump-internati,Wedding Band For Venue,Live Band For Your Venue,Ireland Wedding Bands,Check Your Date,Packages From 2450,100 Percent Live Music,Quote Within One Day,,,,,,,,,Planning a Clare wedding? Check which MusicAngel bands suit your venue and date.,Four live Irish wedding bands with clear packages and no backing tracks.,Send date and venue. Jo will confirm availability and next steps within one working day.,
Search - Venue Wedding Bands,Brooklodge & Macreddin Village,Responsive search ad,Paused,https://musicangel.ie/wedding-band-brooklodge/,,venues,brooklodge,Wedding Band For Venue,Live Band For Your Venue,Ireland Wedding Bands,Check Your Date,Packages From 2450,100 Percent Live Music,Quote Within One Day,,,,,,,,,Planning a Wicklow wedding? Check which MusicAngel bands suit your venue and date.,Four live Irish wedding bands with clear packages and no backing tracks.,Send date and venue. Jo will confirm availability and next steps within one working day.,
Search - Venue Wedding Bands,Tinakilly Country House,Responsive search ad,Paused,https://musicangel.ie/wedding-band-tinakilly-country-house/,,venues,tinakilly-count,Tinakilly Country House Band,Wedding Band For Venue,Live Band For Your Venue,Ireland Wedding Bands,Check Your Date,Packages From 2450,100 Percent Live Music,Quote Within One Day,,,,,,,,Planning a Wicklow wedding? Check which MusicAngel bands suit your venue and date.,Four live Irish wedding bands with clear packages and no backing tracks.,Send date and venue. Jo will confirm availability and next steps within one working day.,
Search - Venue Wedding Bands,Druids Glen Hotel & Golf Resort,Responsive search ad,Paused,https://musicangel.ie/wedding-band-druids-glen/,,venues,druids-glen,Wedding Band For Venue,Live Band For Your Venue,Ireland Wedding Bands,Check Your Date,Packages From 2450,100 Percent Live Music,Quote Within One Day,,,,,,,,,Planning a Wicklow wedding? Check which MusicAngel bands suit your venue and date.,Four live Irish wedding bands with clear packages and no backing tracks.,Send date and venue. Jo will confirm availability and next steps within one working day.,
Search - Venue Wedding Bands,Slane Castle,Responsive search ad,Paused,https://musicangel.ie/wedding-band-slane-castle/,,venues,slane-castle,Band For Slane Castle,Slane Castle Band,Slane Castle Wedding Band,Wedding Band For Venue,Live Band For Your Venue,Ireland Wedding Bands,Check Your Date,Packages From 2450,100 Percent Live Music,Quote Within One Day,,,,,,Planning a Meath wedding? Check which MusicAngel bands suit your venue and date.,Four live Irish wedding bands with clear packages and no backing tracks.,Send date and venue. Jo will confirm availability and next steps within one working day.,
Search - Venue Wedding Bands,Cliff at Lyons,Responsive search ad,Paused,https://musicangel.ie/wedding-band-cliff-at-lyons/,,venues,cliff-at-lyons,Band For Cliff at Lyons,Cliff at Lyons Band,Cliff at Lyons Wedding Band,Wedding Band For Venue,Live Band For Your Venue,Ireland Wedding Bands,Check Your Date,Packages From 2450,100 Percent Live Music,Quote Within One Day,,,,,,Planning a Kildare wedding? Check which MusicAngel bands suit your venue and date.,Four live Irish wedding bands with clear packages and no backing tracks.,Send date and venue. Jo will confirm availability and next steps within one working day.,
Search - Venue Wedding Bands,Markree Castle,Responsive search ad,Paused,https://musicangel.ie/wedding-band-markree-castle/,,venues,markree-castle,Band For Markree Castle,Markree Castle Band,Markree Castle Wedding Band,Wedding Band For Venue,Live Band For Your Venue,Ireland Wedding Bands,Check Your Date,Packages From 2450,100 Percent Live Music,Quote Within One Day,,,,,,Planning a Sligo wedding? Check which MusicAngel bands suit your venue and date.,Four live Irish wedding bands with clear packages and no backing tracks.,Send date and venue. Jo will confirm availability and next steps within one working day.,
Search - Venue Wedding Bands,Killashee Hotel,Responsive search ad,Paused,https://musicangel.ie/wedding-band-killashee-hotel/,,venues,killashee-hotel,Band For Killashee Hotel,Killashee Hotel Band,Killashee Hotel Wedding Band,Wedding Band For Venue,Live Band For Your Venue,Ireland Wedding Bands,Check Your Date,Packages From 2450,100 Percent Live Music,Quote Within One Day,,,,,,Planning a Kildare wedding? Check which MusicAngel bands suit your venue and date.,Four live Irish wedding bands with clear packages and no backing tracks.,Send date and venue. Jo will confirm availability and next steps within one working day.,
Search - Venue Wedding Bands,Kinnitty Castle,Responsive search ad,Paused,https://musicangel.ie/wedding-band-kinnitty-castle/,,venues,kinnitty-castle,Band For Kinnitty Castle,Kinnitty Castle Band,Kinnitty Castle Wedding Band,Wedding Band For Venue,Live Band For Your Venue,Ireland Wedding Bands,Check Your Date,Packages From 2450,100 Percent Live Music,Quote Within One Day,,,,,,Planning a Offaly wedding? Check which MusicAngel bands suit your venue and date.,Four live Irish wedding bands with clear packages and no backing tracks.,Send date and venue. Jo will confirm availability and next steps within one working day.,
Search - Venue Wedding Bands,Knockranny House Hotel,Responsive search ad,Paused,https://musicangel.ie/wedding-band-knockranny-house/,,venues,knockranny-hous,Knockranny House Hotel Band,Wedding Band For Venue,Live Band For Your Venue,Ireland Wedding Bands,Check Your Date,Packages From 2450,100 Percent Live Music,Quote Within One Day,,,,,,,,Planning a Mayo wedding? Check which MusicAngel bands suit your venue and date.,Four live Irish wedding bands with clear packages and no backing tracks.,Send date and venue. Jo will confirm availability and next steps within one working day.,
Search - Venue Wedding Bands,Harvey's Point,Responsive search ad,Paused,https://musicangel.ie/wedding-band-harveys-point/,,venues,harveys-point,Band For Harvey's Point,Harvey's Point Band,Harvey's Point Wedding Band,Wedding Band For Venue,Live Band For Your Venue,Ireland Wedding Bands,Check Your Date,Packages From 2450,100 Percent Live Music,Quote Within One Day,,,,,,Planning a Donegal wedding? Check which MusicAngel bands suit your venue and date.,Four live Irish wedding bands with clear packages and no backing tracks.,Send date and venue. Jo will confirm availability and next steps within one working day.,
Search - Venue Wedding Bands,Kilshane House,Responsive search ad,Paused,https://musicangel.ie/wedding-band-kilshane-house/,,venues,kilshane-house,Band For Kilshane House,Kilshane House Band,Kilshane House Wedding Band,Wedding Band For Venue,Live Band For Your Venue,Ireland Wedding Bands,Check Your Date,Packages From 2450,100 Percent Live Music,Quote Within One Day,,,,,,Planning a Tipperary wedding? Check which MusicAngel bands suit your venue and date.,Four live Irish wedding bands with clear packages and no backing tracks.,Send date and venue. Jo will confirm availability and next steps within one working day.,
Search - Venue Wedding Bands,Clonabreany House,Responsive search ad,Paused,https://musicangel.ie/wedding-band-clonabreany-house/,,venues,clonabreany-hou,Band For Clonabreany House,Clonabreany House Band,Clonabreany House Wedding Band,Wedding Band For Venue,Live Band For Your Venue,Ireland Wedding Bands,Check Your Date,Packages From 2450,100 Percent Live Music,Quote Within One Day,,,,,,Planning a Meath wedding? Check which MusicAngel bands suit your venue and date.,Four live Irish wedding bands with clear packages and no backing tracks.,Send date and venue. Jo will confirm availability and next steps within one working day.,
Search - Venue Wedding Bands,Ballymagarvey Village,Responsive search ad,Paused,https://musicangel.ie/wedding-band-ballymagarvey-village/,,venues,ballymagarvey-v,Band For Ballymagarvey Village,Ballymagarvey Village Band,Wedding Band For Venue,Live Band For Your Venue,Ireland Wedding Bands,Check Your Date,Packages From 2450,100 Percent Live Music,Quote Within One Day,,,,,,,Planning a Meath wedding? Check which MusicAngel bands suit your venue and date.,Four live Irish wedding bands with clear packages and no backing tracks.,Send date and venue. Jo will confirm availability and next steps within one working day.,
Search - Venue Wedding Bands,Bunratty Castle Hotel,Responsive search ad,Paused,https://musicangel.ie/wedding-band-bunratty-castle-hotel/,,venues,bunratty-castle,Band For Bunratty Castle Hotel,Bunratty Castle Hotel Band,Wedding Band For Venue,Live Band For Your Venue,Ireland Wedding Bands,Check Your Date,Packages From 2450,100 Percent Live Music,Quote Within One Day,,,,,,,Planning a Clare wedding? Check which MusicAngel bands suit your venue and date.,Four live Irish wedding bands with clear packages and no backing tracks.,Send date and venue. Jo will confirm availability and next steps within one working day.,
Search - Venue Wedding Bands,Galgorm Resort,Responsive search ad,Paused,https://musicangel.ie/wedding-band-galgorm-resort/,,venues,galgorm-resort,Band For Galgorm Resort,Galgorm Resort Band,Galgorm Resort Wedding Band,Wedding Band For Venue,Live Band For Your Venue,Ireland Wedding Bands,Check Your Date,Packages From 2450,100 Percent Live Music,Quote Within One Day,,,,,,Planning a Antrim wedding? Check which MusicAngel bands suit your venue and date.,Four live Irish wedding bands with clear packages and no backing tracks.,Send date and venue. Jo will confirm availability and next steps within one working day.,
Search - Venue Wedding Bands,Hayfield Manor,Responsive search ad,Paused,https://musicangel.ie/wedding-band-hayfield-manor/,,venues,hayfield-manor,Band For Hayfield Manor,Hayfield Manor Band,Hayfield Manor Wedding Band,Wedding Band For Venue,Live Band For Your Venue,Ireland Wedding Bands,Check Your Date,Packages From 2450,100 Percent Live Music,Quote Within One Day,,,,,,Planning a Cork wedding? Check which MusicAngel bands suit your venue and date.,Four live Irish wedding bands with clear packages and no backing tracks.,Send date and venue. Jo will confirm availability and next steps within one working day.,
Search - Venue Wedding Bands,Cashel Palace Hotel,Responsive search ad,Paused,https://musicangel.ie/wedding-band-cashel-palace/,,venues,cashel-palace,Band For Cashel Palace Hotel,Cashel Palace Hotel Band,Wedding Band For Venue,Live Band For Your Venue,Ireland Wedding Bands,Check Your Date,Packages From 2450,100 Percent Live Music,Quote Within One Day,,,,,,,Planning a Tipperary wedding? Check which MusicAngel bands suit your venue and date.,Four live Irish wedding bands with clear packages and no backing tracks.,Send date and venue. Jo will confirm availability and next steps within one working day.,
Search - Venue Wedding Bands,Mount Wolseley Hotel,Responsive search ad,Paused,https://musicangel.ie/wedding-band-mount-wolseley/,,venues,mount-wolseley,Band For Mount Wolseley Hotel,Mount Wolseley Hotel Band,Wedding Band For Venue,Live Band For Your Venue,Ireland Wedding Bands,Check Your Date,Packages From 2450,100 Percent Live Music,Quote Within One Day,,,,,,,Planning a Carlow wedding? Check which MusicAngel bands suit your venue and date.,Four live Irish wedding bands with clear packages and no backing tracks.,Send date and venue. Jo will confirm availability and next steps within one working day.,
Search - Venue Wedding Bands,Barberstown Castle,Responsive search ad,Paused,https://musicangel.ie/wedding-band-barberstown-castle/,,venues,barberstown-cas,Band For Barberstown Castle,Barberstown Castle Band,Wedding Band For Venue,Live Band For Your Venue,Ireland Wedding Bands,Check Your Date,Packages From 2450,100 Percent Live Music,Quote Within One Day,,,,,,,Planning a Kildare wedding? Check which MusicAngel bands suit your venue and date.,Four live Irish wedding bands with clear packages and no backing tracks.,Send date and venue. Jo will confirm availability and next steps within one working day.,
Search - Venue Wedding Bands,Roganstown Hotel & Country Club,Responsive search ad,Paused,https://musicangel.ie/wedding-band-roganstown-hotel/,,venues,roganstown-hote,Wedding Band For Venue,Live Band For Your Venue,Ireland Wedding Bands,Check Your Date,Packages From 2450,100 Percent Live Music,Quote Within One Day,,,,,,,,,Planning a Dublin wedding? Check which MusicAngel bands suit your venue and date.,Four live Irish wedding bands with clear packages and no backing tracks.,Send date and venue. Jo will confirm availability and next steps within one working day.,
Search - Venue Wedding Bands,Newpark Hotel,Responsive search ad,Paused,https://musicangel.ie/wedding-band-newpark-hotel/,,venues,newpark-hotel,Band For Newpark Hotel,Newpark Hotel Band,Newpark Hotel Wedding Band,Wedding Band For Venue,Live Band For Your Venue,Ireland Wedding Bands,Check Your Date,Packages From 2450,100 Percent Live Music,Quote Within One Day,,,,,,Planning a Kilkenny wedding? Check which MusicAngel bands suit your venue and date.,Four live Irish wedding bands with clear packages and no backing tracks.,Send date and venue. Jo will confirm availability and next steps within one working day.,
Search - Venue Wedding Bands,Killyhevlin Lakeside Hotel,Responsive search ad,Paused,https://musicangel.ie/wedding-band-killyhevlin-lakeside/,,venues,killyhevlin-lak,Wedding Band For Venue,Live Band For Your Venue,Ireland Wedding Bands,Check Your Date,Packages From 2450,100 Percent Live Music,Quote Within One Day,,,,,,,,,Planning a Fermanagh wedding? Check which MusicAngel bands suit your venue and date.,Four live Irish wedding bands with clear packages and no backing tracks.,Send date and venue. Jo will confirm availability and next steps within one working day.,
Search - Venue Wedding Bands,The Cliff Townhouse,Responsive search ad,Paused,https://musicangel.ie/wedding-band-cliff-townhouse/,,venues,cliff-townhouse,Band For The Cliff Townhouse,The Cliff Townhouse Band,Wedding Band For Venue,Live Band For Your Venue,Ireland Wedding Bands,Check Your Date,Packages From 2450,100 Percent Live Music,Quote Within One Day,,,,,,,Planning a Dublin wedding? Check which MusicAngel bands suit your venue and date.,Four live Irish wedding bands with clear packages and no backing tracks.,Send date and venue. Jo will confirm availability and next steps within one working day.,
Search - Venue Wedding Bands,The Westbury Hotel,Responsive search ad,Paused,https://musicangel.ie/wedding-band-the-westbury-hotel/,,venues,the-westbury-ho,Band For The Westbury Hotel,The Westbury Hotel Band,Wedding Band For Venue,Live Band For Your Venue,Ireland Wedding Bands,Check Your Date,Packages From 2450,100 Percent Live Music,Quote Within One Day,,,,,,,Planning a Dublin wedding? Check which MusicAngel bands suit your venue and date.,Four live Irish wedding bands with clear packages and no backing tracks.,Send date and venue. Jo will confirm availability and next steps within one working day.,
Search - County Wedding Bands,Dublin,Responsive search ad,Paused,https://musicangel.ie/wedding-bands-dublin/,,locations,dublin,Wedding Bands Dublin,Dublin Wedding Band,Live Irish Wedding Bands,Four Bands From 2450,Check Date Availability,100 Percent Live Sets,Quote Within One Day,,,,,,,,,Planning a Dublin wedding? Compare MusicAngel bands and check date availability.,Four live Irish wedding bands across Ireland. Send your date and venue for a clear quote.,"100 percent live sets, no backing tracks, and practical planning from first enquiry.",
Search - County Wedding Bands,Cork,Responsive search ad,Paused,https://musicangel.ie/wedding-bands-cork/,,locations,cork,Wedding Bands Cork,Cork Wedding Band,Live Irish Wedding Bands,Four Bands From 2450,Check Date Availability,100 Percent Live Sets,Quote Within One Day,,,,,,,,,Planning a Cork wedding? Compare MusicAngel bands and check date availability.,Four live Irish wedding bands across Ireland. Send your date and venue for a clear quote.,"100 percent live sets, no backing tracks, and practical planning from first enquiry.",
Search - County Wedding Bands,Galway,Responsive search ad,Paused,https://musicangel.ie/wedding-bands-galway/,,locations,galway,Wedding Bands Galway,Galway Wedding Band,Live Irish Wedding Bands,Four Bands From 2450,Check Date Availability,100 Percent Live Sets,Quote Within One Day,,,,,,,,,Planning a Galway wedding? Compare MusicAngel bands and check date availability.,Four live Irish wedding bands across Ireland. Send your date and venue for a clear quote.,"100 percent live sets, no backing tracks, and practical planning from first enquiry.",
Search - County Wedding Bands,Kerry,Responsive search ad,Paused,https://musicangel.ie/wedding-bands-kerry/,,locations,kerry,Wedding Bands Kerry,Kerry Wedding Band,Live Irish Wedding Bands,Four Bands From 2450,Check Date Availability,100 Percent Live Sets,Quote Within One Day,,,,,,,,,Planning a Kerry wedding? Compare MusicAngel bands and check date availability.,Four live Irish wedding bands across Ireland. Send your date and venue for a clear quote.,"100 percent live sets, no backing tracks, and practical planning from first enquiry.",
Search - County Wedding Bands,Limerick,Responsive search ad,Paused,https://musicangel.ie/wedding-bands-limerick/,,locations,limerick,Wedding Bands Limerick,Limerick Wedding Band,Live Irish Wedding Bands,Four Bands From 2450,Check Date Availability,100 Percent Live Sets,Quote Within One Day,,,,,,,,,Planning a Limerick wedding? Compare MusicAngel bands and check date availability.,Four live Irish wedding bands across Ireland. Send your date and venue for a clear quote.,"100 percent live sets, no backing tracks, and practical planning from first enquiry.",
Search - County Wedding Bands,Mayo,Responsive search ad,Paused,https://musicangel.ie/wedding-bands-mayo/,,locations,mayo,Wedding Bands Mayo,Mayo Wedding Band,Live Irish Wedding Bands,Four Bands From 2450,Check Date Availability,100 Percent Live Sets,Quote Within One Day,,,,,,,,,Planning a Mayo wedding? Compare MusicAngel bands and check date availability.,Four live Irish wedding bands across Ireland. Send your date and venue for a clear quote.,"100 percent live sets, no backing tracks, and practical planning from first enquiry.",
Search - County Wedding Bands,Donegal,Responsive search ad,Paused,https://musicangel.ie/wedding-bands-donegal/,,locations,donegal,Wedding Bands Donegal,Donegal Wedding Band,Live Irish Wedding Bands,Four Bands From 2450,Check Date Availability,100 Percent Live Sets,Quote Within One Day,,,,,,,,,Planning a Donegal wedding? Compare MusicAngel bands and check date availability.,Four live Irish wedding bands across Ireland. Send your date and venue for a clear quote.,"100 percent live sets, no backing tracks, and practical planning from first enquiry.",
Search - County Wedding Bands,Wicklow,Responsive search ad,Paused,https://musicangel.ie/wedding-bands-wicklow/,,locations,wicklow,Wedding Bands Wicklow,Wicklow Wedding Band,Live Irish Wedding Bands,Four Bands From 2450,Check Date Availability,100 Percent Live Sets,Quote Within One Day,,,,,,,,,Planning a Wicklow wedding? Compare MusicAngel bands and check date availability.,Four live Irish wedding bands across Ireland. Send your date and venue for a clear quote.,"100 percent live sets, no backing tracks, and practical planning from first enquiry.",
Search - County Wedding Bands,Clare,Responsive search ad,Paused,https://musicangel.ie/wedding-bands-clare/,,locations,clare,Wedding Bands Clare,Clare Wedding Band,Live Irish Wedding Bands,Four Bands From 2450,Check Date Availability,100 Percent Live Sets,Quote Within One Day,,,,,,,,,Planning a Clare wedding? Compare MusicAngel bands and check date availability.,Four live Irish wedding bands across Ireland. Send your date and venue for a clear quote.,"100 percent live sets, no backing tracks, and practical planning from first enquiry.",
Search - County Wedding Bands,Tipperary,Responsive search ad,Paused,https://musicangel.ie/wedding-bands-tipperary/,,locations,tipperary,Wedding Bands Tipperary,Tipperary Wedding Band,Live Irish Wedding Bands,Four Bands From 2450,Check Date Availability,100 Percent Live Sets,Quote Within One Day,,,,,,,,,Planning a Tipperary wedding? Compare MusicAngel bands and check date availability.,Four live Irish wedding bands across Ireland. Send your date and venue for a clear quote.,"100 percent live sets, no backing tracks, and practical planning from first enquiry.",
Search - County Wedding Bands,Waterford,Responsive search ad,Paused,https://musicangel.ie/wedding-bands-waterford/,,locations,waterford,Wedding Bands Waterford,Waterford Wedding Band,Live Irish Wedding Bands,Four Bands From 2450,Check Date Availability,100 Percent Live Sets,Quote Within One Day,,,,,,,,,Planning a Waterford wedding? Compare MusicAngel bands and check date availability.,Four live Irish wedding bands across Ireland. Send your date and venue for a clear quote.,"100 percent live sets, no backing tracks, and practical planning from first enquiry.",
Search - County Wedding Bands,Wexford,Responsive search ad,Paused,https://musicangel.ie/wedding-bands-wexford/,,locations,wexford,Wedding Bands Wexford,Wexford Wedding Band,Live Irish Wedding Bands,Four Bands From 2450,Check Date Availability,100 Percent Live Sets,Quote Within One Day,,,,,,,,,Planning a Wexford wedding? Compare MusicAngel bands and check date availability.,Four live Irish wedding bands across Ireland. Send your date and venue for a clear quote.,"100 percent live sets, no backing tracks, and practical planning from first enquiry.",
Search - County Wedding Bands,Kilkenny,Responsive search ad,Paused,https://musicangel.ie/wedding-bands-kilkenny/,,locations,kilkenny,Wedding Bands Kilkenny,Kilkenny Wedding Band,Live Irish Wedding Bands,Four Bands From 2450,Check Date Availability,100 Percent Live Sets,Quote Within One Day,,,,,,,,,Planning a Kilkenny wedding? Compare MusicAngel bands and check date availability.,Four live Irish wedding bands across Ireland. Send your date and venue for a clear quote.,"100 percent live sets, no backing tracks, and practical planning from first enquiry.",
Search - County Wedding Bands,Carlow,Responsive search ad,Paused,https://musicangel.ie/wedding-bands-carlow/,,locations,carlow,Wedding Bands Carlow,Carlow Wedding Band,Live Irish Wedding Bands,Four Bands From 2450,Check Date Availability,100 Percent Live Sets,Quote Within One Day,,,,,,,,,Planning a Carlow wedding? Compare MusicAngel bands and check date availability.,Four live Irish wedding bands across Ireland. Send your date and venue for a clear quote.,"100 percent live sets, no backing tracks, and practical planning from first enquiry.",
Search - County Wedding Bands,Kildare,Responsive search ad,Paused,https://musicangel.ie/wedding-bands-kildare/,,locations,kildare,Wedding Bands Kildare,Kildare Wedding Band,Live Irish Wedding Bands,Four Bands From 2450,Check Date Availability,100 Percent Live Sets,Quote Within One Day,,,,,,,,,Planning a Kildare wedding? Compare MusicAngel bands and check date availability.,Four live Irish wedding bands across Ireland. Send your date and venue for a clear quote.,"100 percent live sets, no backing tracks, and practical planning from first enquiry.",
Search - County Wedding Bands,Meath,Responsive search ad,Paused,https://musicangel.ie/wedding-bands-meath/,,locations,meath,Wedding Bands Meath,Meath Wedding Band,Live Irish Wedding Bands,Four Bands From 2450,Check Date Availability,100 Percent Live Sets,Quote Within One Day,,,,,,,,,Planning a Meath wedding? Compare MusicAngel bands and check date availability.,Four live Irish wedding bands across Ireland. Send your date and venue for a clear quote.,"100 percent live sets, no backing tracks, and practical planning from first enquiry.",
Search - County Wedding Bands,Louth,Responsive search ad,Paused,https://musicangel.ie/wedding-bands-louth/,,locations,louth,Wedding Bands Louth,Louth Wedding Band,Live Irish Wedding Bands,Four Bands From 2450,Check Date Availability,100 Percent Live Sets,Quote Within One Day,,,,,,,,,Planning a Louth wedding? Compare MusicAngel bands and check date availability.,Four live Irish wedding bands across Ireland. Send your date and venue for a clear quote.,"100 percent live sets, no backing tracks, and practical planning from first enquiry.",
Search - County Wedding Bands,Cavan,Responsive search ad,Paused,https://musicangel.ie/wedding-bands-cavan/,,locations,cavan,Wedding Bands Cavan,Cavan Wedding Band,Live Irish Wedding Bands,Four Bands From 2450,Check Date Availability,100 Percent Live Sets,Quote Within One Day,,,,,,,,,Planning a Cavan wedding? Compare MusicAngel bands and check date availability.,Four live Irish wedding bands across Ireland. Send your date and venue for a clear quote.,"100 percent live sets, no backing tracks, and practical planning from first enquiry.",
Search - County Wedding Bands,Monaghan,Responsive search ad,Paused,https://musicangel.ie/wedding-bands-monaghan/,,locations,monaghan,Wedding Bands Monaghan,Monaghan Wedding Band,Live Irish Wedding Bands,Four Bands From 2450,Check Date Availability,100 Percent Live Sets,Quote Within One Day,,,,,,,,,Planning a Monaghan wedding? Compare MusicAngel bands and check date availability.,Four live Irish wedding bands across Ireland. Send your date and venue for a clear quote.,"100 percent live sets, no backing tracks, and practical planning from first enquiry.",
Search - County Wedding Bands,Leitrim,Responsive search ad,Paused,https://musicangel.ie/wedding-bands-leitrim/,,locations,leitrim,Wedding Bands Leitrim,Leitrim Wedding Band,Live Irish Wedding Bands,Four Bands From 2450,Check Date Availability,100 Percent Live Sets,Quote Within One Day,,,,,,,,,Planning a Leitrim wedding? Compare MusicAngel bands and check date availability.,Four live Irish wedding bands across Ireland. Send your date and venue for a clear quote.,"100 percent live sets, no backing tracks, and practical planning from first enquiry.",
Search - County Wedding Bands,Sligo,Responsive search ad,Paused,https://musicangel.ie/wedding-bands-sligo/,,locations,sligo,Wedding Bands Sligo,Sligo Wedding Band,Live Irish Wedding Bands,Four Bands From 2450,Check Date Availability,100 Percent Live Sets,Quote Within One Day,,,,,,,,,Planning a Sligo wedding? Compare MusicAngel bands and check date availability.,Four live Irish wedding bands across Ireland. Send your date and venue for a clear quote.,"100 percent live sets, no backing tracks, and practical planning from first enquiry.",
Search - County Wedding Bands,Roscommon,Responsive search ad,Paused,https://musicangel.ie/wedding-bands-roscommon/,,locations,roscommon,Wedding Bands Roscommon,Roscommon Wedding Band,Live Irish Wedding Bands,Four Bands From 2450,Check Date Availability,100 Percent Live Sets,Quote Within One Day,,,,,,,,,Planning a Roscommon wedding? Compare MusicAngel bands and check date availability.,Four live Irish wedding bands across Ireland. Send your date and venue for a clear quote.,"100 percent live sets, no backing tracks, and practical planning from first enquiry.",
Search - County Wedding Bands,Longford,Responsive search ad,Paused,https://musicangel.ie/wedding-bands-longford/,,locations,longford,Wedding Bands Longford,Longford Wedding Band,Live Irish Wedding Bands,Four Bands From 2450,Check Date Availability,100 Percent Live Sets,Quote Within One Day,,,,,,,,,Planning a Longford wedding? Compare MusicAngel bands and check date availability.,Four live Irish wedding bands across Ireland. Send your date and venue for a clear quote.,"100 percent live sets, no backing tracks, and practical planning from first enquiry.",
Search - County Wedding Bands,Westmeath,Responsive search ad,Paused,https://musicangel.ie/wedding-bands-westmeath/,,locations,westmeath,Wedding Bands Westmeath,Westmeath Wedding Band,Live Irish Wedding Bands,Four Bands From 2450,Check Date Availability,100 Percent Live Sets,Quote Within One Day,,,,,,,,,Planning a Westmeath wedding? Compare MusicAngel bands and check date availability.,Four live Irish wedding bands across Ireland. Send your date and venue for a clear quote.,"100 percent live sets, no backing tracks, and practical planning from first enquiry.",
Search - County Wedding Bands,Offaly,Responsive search ad,Paused,https://musicangel.ie/wedding-bands-offaly/,,locations,offaly,Wedding Bands Offaly,Offaly Wedding Band,Live Irish Wedding Bands,Four Bands From 2450,Check Date Availability,100 Percent Live Sets,Quote Within One Day,,,,,,,,,Planning a Offaly wedding? Compare MusicAngel bands and check date availability.,Four live Irish wedding bands across Ireland. Send your date and venue for a clear quote.,"100 percent live sets, no backing tracks, and practical planning from first enquiry.",
Search - County Wedding Bands,Laois,Responsive search ad,Paused,https://musicangel.ie/wedding-bands-laois/,,locations,laois,Wedding Bands Laois,Laois Wedding Band,Live Irish Wedding Bands,Four Bands From 2450,Check Date Availability,100 Percent Live Sets,Quote Within One Day,,,,,,,,,Planning a Laois wedding? Compare MusicAngel bands and check date availability.,Four live Irish wedding bands across Ireland. Send your date and venue for a clear quote.,"100 percent live sets, no backing tracks, and practical planning from first enquiry.",
Search - County Wedding Bands,Antrim,Responsive search ad,Paused,https://musicangel.ie/wedding-bands-antrim/,,locations,antrim,Wedding Bands Antrim,Antrim Wedding Band,Live Irish Wedding Bands,Four Bands From 2450,Check Date Availability,100 Percent Live Sets,Quote Within One Day,,,,,,,,,Planning a Antrim wedding? Compare MusicAngel bands and check date availability.,Four live Irish wedding bands across Ireland. Send your date and venue for a clear quote.,"100 percent live sets, no backing tracks, and practical planning from first enquiry.",
Search - County Wedding Bands,Down,Responsive search ad,Paused,https://musicangel.ie/wedding-bands-down/,,locations,down,Wedding Bands Down,Down Wedding Band,Live Irish Wedding Bands,Four Bands From 2450,Check Date Availability,100 Percent Live Sets,Quote Within One Day,,,,,,,,,Planning a Down wedding? Compare MusicAngel bands and check date availability.,Four live Irish wedding bands across Ireland. Send your date and venue for a clear quote.,"100 percent live sets, no backing tracks, and practical planning from first enquiry.",
Search - County Wedding Bands,Armagh,Responsive search ad,Paused,https://musicangel.ie/wedding-bands-armagh/,,locations,armagh,Wedding Bands Armagh,Armagh Wedding Band,Live Irish Wedding Bands,Four Bands From 2450,Check Date Availability,100 Percent Live Sets,Quote Within One Day,,,,,,,,,Planning a Armagh wedding? Compare MusicAngel bands and check date availability.,Four live Irish wedding bands across Ireland. Send your date and venue for a clear quote.,"100 percent live sets, no backing tracks, and practical planning from first enquiry.",
Search - County Wedding Bands,Tyrone,Responsive search ad,Paused,https://musicangel.ie/wedding-bands-tyrone/,,locations,tyrone,Wedding Bands Tyrone,Tyrone Wedding Band,Live Irish Wedding Bands,Four Bands From 2450,Check Date Availability,100 Percent Live Sets,Quote Within One Day,,,,,,,,,Planning a Tyrone wedding? Compare MusicAngel bands and check date availability.,Four live Irish wedding bands across Ireland. Send your date and venue for a clear quote.,"100 percent live sets, no backing tracks, and practical planning from first enquiry.",
Search - County Wedding Bands,Fermanagh,Responsive search ad,Paused,https://musicangel.ie/wedding-bands-fermanagh/,,locations,fermanagh,Wedding Bands Fermanagh,Fermanagh Wedding Band,Live Irish Wedding Bands,Four Bands From 2450,Check Date Availability,100 Percent Live Sets,Quote Within One Day,,,,,,,,,Planning a Fermanagh wedding? Compare MusicAngel bands and check date availability.,Four live Irish wedding bands across Ireland. Send your date and venue for a clear quote.,"100 percent live sets, no backing tracks, and practical planning from first enquiry.",
Search - County Wedding Bands,Derry,Responsive search ad,Paused,https://musicangel.ie/wedding-bands-derry/,,locations,derry,Wedding Bands Derry,Derry Wedding Band,Live Irish Wedding Bands,Four Bands From 2450,Check Date Availability,100 Percent Live Sets,Quote Within One Day,,,,,,,,,Planning a Derry wedding? Compare MusicAngel bands and check date availability.,Four live Irish wedding bands across Ireland. Send your date and venue for a clear quote.,"100 percent live sets, no backing tracks, and practical planning from first enquiry.",
Search - Wedding Music Guides,First dance songs,Responsive search ad,Paused,https://musicangel.ie/first-dance-songs/,,first-dance,songs,First Dance Songs Ireland,Wedding First Dance Songs,2026 Wedding Songs,First Dance Song Ideas,Live Band Song Advice,We Learn Your First Dance,Check Band Availability,,,,,,,,,"Browse first dance ideas, then check which MusicAngel bands are free for your date.",MusicAngel bands can learn one new song for your wedding. Ask about your date and venue.,,
Search - Wedding Music Guides,Wedding music timeline,Responsive search ad,Paused,https://musicangel.ie/wedding-music-timeline/,,timeline,music,Wedding Music Timeline,Plan Your Wedding Music,Ceremony To Late Night,Live Band Timing Advice,Check Band Availability,Ireland Wedding Music,,,,,,,,,,"Plan ceremony, drinks, band and DJ timings before checking MusicAngel availability.",Get practical timing advice and ask Jo which bands are free for your date and venue.,,
Search - Wedding Music Guides,Questions to ask a band,Responsive search ad,Paused,https://musicangel.ie/questions-to-ask-wedding-band/,,questions,bands,Questions To Ask A Band,Before You Book A Band,Wedding Band Checklist,Ask About Live Music,Check Date Availability,No Backing Tracks,,,,,,,,,,"Use the checklist before booking any wedding band, then check MusicAngel availability.","Ask about live performance, pricing, timings, insurance, requests and backup plans.",,
Search - Wedding Music Guides,When to book band,Responsive search ad,Paused,https://musicangel.ie/when-to-book-wedding-band/,,booking,timeline,When To Book A Band,Book Your Wedding Band,Check Your Wedding Date,Peak Dates Go Quickly,Ireland Wedding Bands,Quote Within One Day,,,,,,,,,,Peak Irish wedding dates book early. Check which MusicAngel bands are free for your date.,Get practical booking timing advice and a clear reply from Jo within one working day.,,
