Campaign,Keyword,Match type,Status
Search - Brand & Bands,free,Campaign negative,Enabled
Search - Brand & Bands,cheap,Campaign negative,Enabled
Search - Brand & Bands,diy,Campaign negative,Enabled
Search - Brand & Bands,youtube,Campaign negative,Enabled
Search - Brand & Bands,lyrics,Campaign negative,Enabled
Search - Brand & Bands,tabs,Campaign negative,Enabled
Search - Brand & Bands,chords,Campaign negative,Enabled
Search - Brand & Bands,karaoke,Campaign negative,Enabled
Search - Brand & Bands,tribute,Campaign negative,Enabled
Search - Brand & Bands,school,Campaign negative,Enabled
Search - Brand & Bands,student,Campaign negative,Enabled
Search - Brand & Bands,amateur,Campaign negative,Enabled
Search - Brand & Bands,audition,Campaign negative,Enabled
Search - Brand & Bands,join the band,Campaign negative,Enabled
Search - Brand & Bands,guitar lesson,Campaign negative,Enabled
Search - Brand & Bands,sheet music,Campaign negative,Enabled
Search - Brand & Bands,download,Campaign negative,Enabled
Search - Brand & Bands,spotify,Campaign negative,Enabled
Search - Brand & Bands,jobs,Campaign negative,Enabled
Search - Brand & Bands,vacancy,Campaign negative,Enabled
Search - Brand & Bands,busker,Campaign negative,Enabled
Search - Brand & Bands,playlist,Campaign negative,Enabled
Search - Brand & Bands,mp3,Campaign negative,Enabled
Search - Brand & Bands,instrumental only,Campaign negative,Enabled
Search - Brand & Bands,ring,Campaign negative,Enabled
Search - Brand & Bands,wedding ring,Campaign negative,Enabled
Search - Brand & Bands,jewellery,Campaign negative,Enabled
Search - Brand & Bands,jewelry,Campaign negative,Enabled
Search - Brand & Bands,waxies,Campaign negative,Enabled
Search - Brand & Bands,the waxies,Campaign negative,Enabled
Search - Brand & Bands,harlequin,Campaign negative,Enabled
Search - Brand & Bands,buachaills,Campaign negative,Enabled
Search - Brand & Bands,the buachaills,Campaign negative,Enabled
Search - Brand & Bands,perfect day wedding band,Campaign negative,Enabled
Search - Brand & Bands,perfect day band,Campaign negative,Enabled
Search - Brand & Bands,ian hendricks,Campaign negative,Enabled
Search - Brand & Bands,panic animal,Campaign negative,Enabled
Search - Brand & Bands,old moderns,Campaign negative,Enabled
Search - Brand & Bands,pat fitz,Campaign negative,Enabled
Search - Brand & Bands,twist of fate,Campaign negative,Enabled
Search - Brand & Bands,the stars band,Campaign negative,Enabled
Search - Brand & Bands,rockhill ramblers,Campaign negative,Enabled
Search - Brand & Bands,entourage wedding band,Campaign negative,Enabled
Search - Brand & Bands,entourage band,Campaign negative,Enabled
Search - Brand & Bands,rejig wedding band,Campaign negative,Enabled
Search - Brand & Bands,rejig band,Campaign negative,Enabled
Search - Brand & Bands,catch 22 band,Campaign negative,Enabled
Search - Brand & Bands,catch 22 wedding band,Campaign negative,Enabled
Search - Brand & Bands,switch band,Campaign negative,Enabled
Search - Brand & Bands,nightfall band,Campaign negative,Enabled
Search - Brand & Bands,blue moose wedding band,Campaign negative,Enabled
Search - Brand & Bands,blue moose band,Campaign negative,Enabled
Search - Brand & Bands,hell for leather band,Campaign negative,Enabled
Search - Brand & Bands,slipstream band,Campaign negative,Enabled
Search - Brand & Bands,green means go wedding band,Campaign negative,Enabled
Search - Brand & Bands,green means go band,Campaign negative,Enabled
Search - Brand & Bands,the essentials band,Campaign negative,Enabled
Search - Brand & Bands,the strobes band,Campaign negative,Enabled
Search - Brand & Bands,late night radio band,Campaign negative,Enabled
Search - Brand & Bands,late night radio wedding band,Campaign negative,Enabled
Search - Brand & Bands,the cazettes band,Campaign negative,Enabled
Search - Brand & Bands,red alert wedding band,Campaign negative,Enabled
Search - Brand & Bands,red alert band,Campaign negative,Enabled
Search - Brand & Bands,after dark band,Campaign negative,Enabled
Search - Brand & Bands,superfly band,Campaign negative,Enabled
Search - Brand & Bands,up to 90 band,Campaign negative,Enabled
Search - Brand & Bands,bog the donkey,Campaign negative,Enabled
Search - Brand & Bands,pyramid band,Campaign negative,Enabled
Search - Brand & Bands,southbound wedding band,Campaign negative,Enabled
Search - Brand & Bands,southbound band,Campaign negative,Enabled
Search - Brand & Bands,divine invention band,Campaign negative,Enabled
Search - Brand & Bands,j90 band,Campaign negative,Enabled
Search - Brand & Bands,last call band,Campaign negative,Enabled
Search - Brand & Bands,mass band,Campaign negative,Enabled
Search - Brand & Bands,men in black wedding band,Campaign negative,Enabled
Search - Brand & Bands,michael o neill wedding dj,Campaign negative,Enabled
Search - Brand & Bands,mixtape band,Campaign negative,Enabled
Search - Brand & Bands,spring break wedding band,Campaign negative,Enabled
Search - Brand & Bands,suzie q waterford,Campaign negative,Enabled
Search - Brand & Bands,the cufflinks wedding band,Campaign negative,Enabled
Search - Brand & Bands,the event band,Campaign negative,Enabled
Search - Brand & Bands,the gallivanters wedding band,Campaign negative,Enabled
Search - Brand & Bands,the wilful band,Campaign negative,Enabled
Search - Wedding Bands Ireland,free,Campaign negative,Enabled
Search - Wedding Bands Ireland,cheap,Campaign negative,Enabled
Search - Wedding Bands Ireland,diy,Campaign negative,Enabled
Search - Wedding Bands Ireland,youtube,Campaign negative,Enabled
Search - Wedding Bands Ireland,lyrics,Campaign negative,Enabled
Search - Wedding Bands Ireland,tabs,Campaign negative,Enabled
Search - Wedding Bands Ireland,chords,Campaign negative,Enabled
Search - Wedding Bands Ireland,karaoke,Campaign negative,Enabled
Search - Wedding Bands Ireland,tribute,Campaign negative,Enabled
Search - Wedding Bands Ireland,school,Campaign negative,Enabled
Search - Wedding Bands Ireland,student,Campaign negative,Enabled
Search - Wedding Bands Ireland,amateur,Campaign negative,Enabled
Search - Wedding Bands Ireland,audition,Campaign negative,Enabled
Search - Wedding Bands Ireland,join the band,Campaign negative,Enabled
Search - Wedding Bands Ireland,guitar lesson,Campaign negative,Enabled
Search - Wedding Bands Ireland,sheet music,Campaign negative,Enabled
Search - Wedding Bands Ireland,download,Campaign negative,Enabled
Search - Wedding Bands Ireland,spotify,Campaign negative,Enabled
Search - Wedding Bands Ireland,jobs,Campaign negative,Enabled
Search - Wedding Bands Ireland,vacancy,Campaign negative,Enabled
Search - Wedding Bands Ireland,busker,Campaign negative,Enabled
Search - Wedding Bands Ireland,playlist,Campaign negative,Enabled
Search - Wedding Bands Ireland,mp3,Campaign negative,Enabled
Search - Wedding Bands Ireland,instrumental only,Campaign negative,Enabled
Search - Wedding Bands Ireland,ring,Campaign negative,Enabled
Search - Wedding Bands Ireland,wedding ring,Campaign negative,Enabled
Search - Wedding Bands Ireland,jewellery,Campaign negative,Enabled
Search - Wedding Bands Ireland,jewelry,Campaign negative,Enabled
Search - Wedding Bands Ireland,waxies,Campaign negative,Enabled
Search - Wedding Bands Ireland,the waxies,Campaign negative,Enabled
Search - Wedding Bands Ireland,harlequin,Campaign negative,Enabled
Search - Wedding Bands Ireland,buachaills,Campaign negative,Enabled
Search - Wedding Bands Ireland,the buachaills,Campaign negative,Enabled
Search - Wedding Bands Ireland,perfect day wedding band,Campaign negative,Enabled
Search - Wedding Bands Ireland,perfect day band,Campaign negative,Enabled
Search - Wedding Bands Ireland,ian hendricks,Campaign negative,Enabled
Search - Wedding Bands Ireland,panic animal,Campaign negative,Enabled
Search - Wedding Bands Ireland,old moderns,Campaign negative,Enabled
Search - Wedding Bands Ireland,pat fitz,Campaign negative,Enabled
Search - Wedding Bands Ireland,twist of fate,Campaign negative,Enabled
Search - Wedding Bands Ireland,the stars band,Campaign negative,Enabled
Search - Wedding Bands Ireland,rockhill ramblers,Campaign negative,Enabled
Search - Wedding Bands Ireland,entourage wedding band,Campaign negative,Enabled
Search - Wedding Bands Ireland,entourage band,Campaign negative,Enabled
Search - Wedding Bands Ireland,rejig wedding band,Campaign negative,Enabled
Search - Wedding Bands Ireland,rejig band,Campaign negative,Enabled
Search - Wedding Bands Ireland,catch 22 band,Campaign negative,Enabled
Search - Wedding Bands Ireland,catch 22 wedding band,Campaign negative,Enabled
Search - Wedding Bands Ireland,switch band,Campaign negative,Enabled
Search - Wedding Bands Ireland,nightfall band,Campaign negative,Enabled
Search - Wedding Bands Ireland,blue moose wedding band,Campaign negative,Enabled
Search - Wedding Bands Ireland,blue moose band,Campaign negative,Enabled
Search - Wedding Bands Ireland,hell for leather band,Campaign negative,Enabled
Search - Wedding Bands Ireland,slipstream band,Campaign negative,Enabled
Search - Wedding Bands Ireland,green means go wedding band,Campaign negative,Enabled
Search - Wedding Bands Ireland,green means go band,Campaign negative,Enabled
Search - Wedding Bands Ireland,the essentials band,Campaign negative,Enabled
Search - Wedding Bands Ireland,the strobes band,Campaign negative,Enabled
Search - Wedding Bands Ireland,late night radio band,Campaign negative,Enabled
Search - Wedding Bands Ireland,late night radio wedding band,Campaign negative,Enabled
Search - Wedding Bands Ireland,the cazettes band,Campaign negative,Enabled
Search - Wedding Bands Ireland,red alert wedding band,Campaign negative,Enabled
Search - Wedding Bands Ireland,red alert band,Campaign negative,Enabled
Search - Wedding Bands Ireland,after dark band,Campaign negative,Enabled
Search - Wedding Bands Ireland,superfly band,Campaign negative,Enabled
Search - Wedding Bands Ireland,up to 90 band,Campaign negative,Enabled
Search - Wedding Bands Ireland,bog the donkey,Campaign negative,Enabled
Search - Wedding Bands Ireland,pyramid band,Campaign negative,Enabled
Search - Wedding Bands Ireland,southbound wedding band,Campaign negative,Enabled
Search - Wedding Bands Ireland,southbound band,Campaign negative,Enabled
Search - Wedding Bands Ireland,divine invention band,Campaign negative,Enabled
Search - Wedding Bands Ireland,j90 band,Campaign negative,Enabled
Search - Wedding Bands Ireland,last call band,Campaign negative,Enabled
Search - Wedding Bands Ireland,mass band,Campaign negative,Enabled
Search - Wedding Bands Ireland,men in black wedding band,Campaign negative,Enabled
Search - Wedding Bands Ireland,michael o neill wedding dj,Campaign negative,Enabled
Search - Wedding Bands Ireland,mixtape band,Campaign negative,Enabled
Search - Wedding Bands Ireland,spring break wedding band,Campaign negative,Enabled
Search - Wedding Bands Ireland,suzie q waterford,Campaign negative,Enabled
Search - Wedding Bands Ireland,the cufflinks wedding band,Campaign negative,Enabled
Search - Wedding Bands Ireland,the event band,Campaign negative,Enabled
Search - Wedding Bands Ireland,the gallivanters wedding band,Campaign negative,Enabled
Search - Wedding Bands Ireland,the wilful band,Campaign negative,Enabled
Search - Venue Wedding Bands,free,Campaign negative,Enabled
Search - Venue Wedding Bands,cheap,Campaign negative,Enabled
Search - Venue Wedding Bands,diy,Campaign negative,Enabled
Search - Venue Wedding Bands,youtube,Campaign negative,Enabled
Search - Venue Wedding Bands,lyrics,Campaign negative,Enabled
Search - Venue Wedding Bands,tabs,Campaign negative,Enabled
Search - Venue Wedding Bands,chords,Campaign negative,Enabled
Search - Venue Wedding Bands,karaoke,Campaign negative,Enabled
Search - Venue Wedding Bands,tribute,Campaign negative,Enabled
Search - Venue Wedding Bands,school,Campaign negative,Enabled
Search - Venue Wedding Bands,student,Campaign negative,Enabled
Search - Venue Wedding Bands,amateur,Campaign negative,Enabled
Search - Venue Wedding Bands,audition,Campaign negative,Enabled
Search - Venue Wedding Bands,join the band,Campaign negative,Enabled
Search - Venue Wedding Bands,guitar lesson,Campaign negative,Enabled
Search - Venue Wedding Bands,sheet music,Campaign negative,Enabled
Search - Venue Wedding Bands,download,Campaign negative,Enabled
Search - Venue Wedding Bands,spotify,Campaign negative,Enabled
Search - Venue Wedding Bands,jobs,Campaign negative,Enabled
Search - Venue Wedding Bands,vacancy,Campaign negative,Enabled
Search - Venue Wedding Bands,busker,Campaign negative,Enabled
Search - Venue Wedding Bands,playlist,Campaign negative,Enabled
Search - Venue Wedding Bands,mp3,Campaign negative,Enabled
Search - Venue Wedding Bands,instrumental only,Campaign negative,Enabled
Search - Venue Wedding Bands,ring,Campaign negative,Enabled
Search - Venue Wedding Bands,wedding ring,Campaign negative,Enabled
Search - Venue Wedding Bands,jewellery,Campaign negative,Enabled
Search - Venue Wedding Bands,jewelry,Campaign negative,Enabled
Search - Venue Wedding Bands,waxies,Campaign negative,Enabled
Search - Venue Wedding Bands,the waxies,Campaign negative,Enabled
Search - Venue Wedding Bands,harlequin,Campaign negative,Enabled
Search - Venue Wedding Bands,buachaills,Campaign negative,Enabled
Search - Venue Wedding Bands,the buachaills,Campaign negative,Enabled
Search - Venue Wedding Bands,perfect day wedding band,Campaign negative,Enabled
Search - Venue Wedding Bands,perfect day band,Campaign negative,Enabled
Search - Venue Wedding Bands,ian hendricks,Campaign negative,Enabled
Search - Venue Wedding Bands,panic animal,Campaign negative,Enabled
Search - Venue Wedding Bands,old moderns,Campaign negative,Enabled
Search - Venue Wedding Bands,pat fitz,Campaign negative,Enabled
Search - Venue Wedding Bands,twist of fate,Campaign negative,Enabled
Search - Venue Wedding Bands,the stars band,Campaign negative,Enabled
Search - Venue Wedding Bands,rockhill ramblers,Campaign negative,Enabled
Search - Venue Wedding Bands,entourage wedding band,Campaign negative,Enabled
Search - Venue Wedding Bands,entourage band,Campaign negative,Enabled
Search - Venue Wedding Bands,rejig wedding band,Campaign negative,Enabled
Search - Venue Wedding Bands,rejig band,Campaign negative,Enabled
Search - Venue Wedding Bands,catch 22 band,Campaign negative,Enabled
Search - Venue Wedding Bands,catch 22 wedding band,Campaign negative,Enabled
Search - Venue Wedding Bands,switch band,Campaign negative,Enabled
Search - Venue Wedding Bands,nightfall band,Campaign negative,Enabled
Search - Venue Wedding Bands,blue moose wedding band,Campaign negative,Enabled
Search - Venue Wedding Bands,blue moose band,Campaign negative,Enabled
Search - Venue Wedding Bands,hell for leather band,Campaign negative,Enabled
Search - Venue Wedding Bands,slipstream band,Campaign negative,Enabled
Search - Venue Wedding Bands,green means go wedding band,Campaign negative,Enabled
Search - Venue Wedding Bands,green means go band,Campaign negative,Enabled
Search - Venue Wedding Bands,the essentials band,Campaign negative,Enabled
Search - Venue Wedding Bands,the strobes band,Campaign negative,Enabled
Search - Venue Wedding Bands,late night radio band,Campaign negative,Enabled
Search - Venue Wedding Bands,late night radio wedding band,Campaign negative,Enabled
Search - Venue Wedding Bands,the cazettes band,Campaign negative,Enabled
Search - Venue Wedding Bands,red alert wedding band,Campaign negative,Enabled
Search - Venue Wedding Bands,red alert band,Campaign negative,Enabled
Search - Venue Wedding Bands,after dark band,Campaign negative,Enabled
Search - Venue Wedding Bands,superfly band,Campaign negative,Enabled
Search - Venue Wedding Bands,up to 90 band,Campaign negative,Enabled
Search - Venue Wedding Bands,bog the donkey,Campaign negative,Enabled
Search - Venue Wedding Bands,pyramid band,Campaign negative,Enabled
Search - Venue Wedding Bands,southbound wedding band,Campaign negative,Enabled
Search - Venue Wedding Bands,southbound band,Campaign negative,Enabled
Search - Venue Wedding Bands,divine invention band,Campaign negative,Enabled
Search - Venue Wedding Bands,j90 band,Campaign negative,Enabled
Search - Venue Wedding Bands,last call band,Campaign negative,Enabled
Search - Venue Wedding Bands,mass band,Campaign negative,Enabled
Search - Venue Wedding Bands,men in black wedding band,Campaign negative,Enabled
Search - Venue Wedding Bands,michael o neill wedding dj,Campaign negative,Enabled
Search - Venue Wedding Bands,mixtape band,Campaign negative,Enabled
Search - Venue Wedding Bands,spring break wedding band,Campaign negative,Enabled
Search - Venue Wedding Bands,suzie q waterford,Campaign negative,Enabled
Search - Venue Wedding Bands,the cufflinks wedding band,Campaign negative,Enabled
Search - Venue Wedding Bands,the event band,Campaign negative,Enabled
Search - Venue Wedding Bands,the gallivanters wedding band,Campaign negative,Enabled
Search - Venue Wedding Bands,the wilful band,Campaign negative,Enabled
Search - County Wedding Bands,free,Campaign negative,Enabled
Search - County Wedding Bands,cheap,Campaign negative,Enabled
Search - County Wedding Bands,diy,Campaign negative,Enabled
Search - County Wedding Bands,youtube,Campaign negative,Enabled
Search - County Wedding Bands,lyrics,Campaign negative,Enabled
Search - County Wedding Bands,tabs,Campaign negative,Enabled
Search - County Wedding Bands,chords,Campaign negative,Enabled
Search - County Wedding Bands,karaoke,Campaign negative,Enabled
Search - County Wedding Bands,tribute,Campaign negative,Enabled
Search - County Wedding Bands,school,Campaign negative,Enabled
Search - County Wedding Bands,student,Campaign negative,Enabled
Search - County Wedding Bands,amateur,Campaign negative,Enabled
Search - County Wedding Bands,audition,Campaign negative,Enabled
Search - County Wedding Bands,join the band,Campaign negative,Enabled
Search - County Wedding Bands,guitar lesson,Campaign negative,Enabled
Search - County Wedding Bands,sheet music,Campaign negative,Enabled
Search - County Wedding Bands,download,Campaign negative,Enabled
Search - County Wedding Bands,spotify,Campaign negative,Enabled
Search - County Wedding Bands,jobs,Campaign negative,Enabled
Search - County Wedding Bands,vacancy,Campaign negative,Enabled
Search - County Wedding Bands,busker,Campaign negative,Enabled
Search - County Wedding Bands,playlist,Campaign negative,Enabled
Search - County Wedding Bands,mp3,Campaign negative,Enabled
Search - County Wedding Bands,instrumental only,Campaign negative,Enabled
Search - County Wedding Bands,ring,Campaign negative,Enabled
Search - County Wedding Bands,wedding ring,Campaign negative,Enabled
Search - County Wedding Bands,jewellery,Campaign negative,Enabled
Search - County Wedding Bands,jewelry,Campaign negative,Enabled
Search - County Wedding Bands,waxies,Campaign negative,Enabled
Search - County Wedding Bands,the waxies,Campaign negative,Enabled
Search - County Wedding Bands,harlequin,Campaign negative,Enabled
Search - County Wedding Bands,buachaills,Campaign negative,Enabled
Search - County Wedding Bands,the buachaills,Campaign negative,Enabled
Search - County Wedding Bands,perfect day wedding band,Campaign negative,Enabled
Search - County Wedding Bands,perfect day band,Campaign negative,Enabled
Search - County Wedding Bands,ian hendricks,Campaign negative,Enabled
Search - County Wedding Bands,panic animal,Campaign negative,Enabled
Search - County Wedding Bands,old moderns,Campaign negative,Enabled
Search - County Wedding Bands,pat fitz,Campaign negative,Enabled
Search - County Wedding Bands,twist of fate,Campaign negative,Enabled
Search - County Wedding Bands,the stars band,Campaign negative,Enabled
Search - County Wedding Bands,rockhill ramblers,Campaign negative,Enabled
Search - County Wedding Bands,entourage wedding band,Campaign negative,Enabled
Search - County Wedding Bands,entourage band,Campaign negative,Enabled
Search - County Wedding Bands,rejig wedding band,Campaign negative,Enabled
Search - County Wedding Bands,rejig band,Campaign negative,Enabled
Search - County Wedding Bands,catch 22 band,Campaign negative,Enabled
Search - County Wedding Bands,catch 22 wedding band,Campaign negative,Enabled
Search - County Wedding Bands,switch band,Campaign negative,Enabled
Search - County Wedding Bands,nightfall band,Campaign negative,Enabled
Search - County Wedding Bands,blue moose wedding band,Campaign negative,Enabled
Search - County Wedding Bands,blue moose band,Campaign negative,Enabled
Search - County Wedding Bands,hell for leather band,Campaign negative,Enabled
Search - County Wedding Bands,slipstream band,Campaign negative,Enabled
Search - County Wedding Bands,green means go wedding band,Campaign negative,Enabled
Search - County Wedding Bands,green means go band,Campaign negative,Enabled
Search - County Wedding Bands,the essentials band,Campaign negative,Enabled
Search - County Wedding Bands,the strobes band,Campaign negative,Enabled
Search - County Wedding Bands,late night radio band,Campaign negative,Enabled
Search - County Wedding Bands,late night radio wedding band,Campaign negative,Enabled
Search - County Wedding Bands,the cazettes band,Campaign negative,Enabled
Search - County Wedding Bands,red alert wedding band,Campaign negative,Enabled
Search - County Wedding Bands,red alert band,Campaign negative,Enabled
Search - County Wedding Bands,after dark band,Campaign negative,Enabled
Search - County Wedding Bands,superfly band,Campaign negative,Enabled
Search - County Wedding Bands,up to 90 band,Campaign negative,Enabled
Search - County Wedding Bands,bog the donkey,Campaign negative,Enabled
Search - County Wedding Bands,pyramid band,Campaign negative,Enabled
Search - County Wedding Bands,southbound wedding band,Campaign negative,Enabled
Search - County Wedding Bands,southbound band,Campaign negative,Enabled
Search - County Wedding Bands,divine invention band,Campaign negative,Enabled
Search - County Wedding Bands,j90 band,Campaign negative,Enabled
Search - County Wedding Bands,last call band,Campaign negative,Enabled
Search - County Wedding Bands,mass band,Campaign negative,Enabled
Search - County Wedding Bands,men in black wedding band,Campaign negative,Enabled
Search - County Wedding Bands,michael o neill wedding dj,Campaign negative,Enabled
Search - County Wedding Bands,mixtape band,Campaign negative,Enabled
Search - County Wedding Bands,spring break wedding band,Campaign negative,Enabled
Search - County Wedding Bands,suzie q waterford,Campaign negative,Enabled
Search - County Wedding Bands,the cufflinks wedding band,Campaign negative,Enabled
Search - County Wedding Bands,the event band,Campaign negative,Enabled
Search - County Wedding Bands,the gallivanters wedding band,Campaign negative,Enabled
Search - County Wedding Bands,the wilful band,Campaign negative,Enabled
Search - Wedding Music Guides,free,Campaign negative,Enabled
Search - Wedding Music Guides,cheap,Campaign negative,Enabled
Search - Wedding Music Guides,diy,Campaign negative,Enabled
Search - Wedding Music Guides,youtube,Campaign negative,Enabled
Search - Wedding Music Guides,lyrics,Campaign negative,Enabled
Search - Wedding Music Guides,tabs,Campaign negative,Enabled
Search - Wedding Music Guides,chords,Campaign negative,Enabled
Search - Wedding Music Guides,karaoke,Campaign negative,Enabled
Search - Wedding Music Guides,tribute,Campaign negative,Enabled
Search - Wedding Music Guides,school,Campaign negative,Enabled
Search - Wedding Music Guides,student,Campaign negative,Enabled
Search - Wedding Music Guides,amateur,Campaign negative,Enabled
Search - Wedding Music Guides,audition,Campaign negative,Enabled
Search - Wedding Music Guides,join the band,Campaign negative,Enabled
Search - Wedding Music Guides,guitar lesson,Campaign negative,Enabled
Search - Wedding Music Guides,sheet music,Campaign negative,Enabled
Search - Wedding Music Guides,download,Campaign negative,Enabled
Search - Wedding Music Guides,spotify,Campaign negative,Enabled
Search - Wedding Music Guides,jobs,Campaign negative,Enabled
Search - Wedding Music Guides,vacancy,Campaign negative,Enabled
Search - Wedding Music Guides,busker,Campaign negative,Enabled
Search - Wedding Music Guides,playlist,Campaign negative,Enabled
Search - Wedding Music Guides,mp3,Campaign negative,Enabled
Search - Wedding Music Guides,instrumental only,Campaign negative,Enabled
Search - Wedding Music Guides,ring,Campaign negative,Enabled
Search - Wedding Music Guides,wedding ring,Campaign negative,Enabled
Search - Wedding Music Guides,jewellery,Campaign negative,Enabled
Search - Wedding Music Guides,jewelry,Campaign negative,Enabled
Search - Wedding Music Guides,waxies,Campaign negative,Enabled
Search - Wedding Music Guides,the waxies,Campaign negative,Enabled
Search - Wedding Music Guides,harlequin,Campaign negative,Enabled
Search - Wedding Music Guides,buachaills,Campaign negative,Enabled
Search - Wedding Music Guides,the buachaills,Campaign negative,Enabled
Search - Wedding Music Guides,perfect day wedding band,Campaign negative,Enabled
Search - Wedding Music Guides,perfect day band,Campaign negative,Enabled
Search - Wedding Music Guides,ian hendricks,Campaign negative,Enabled
Search - Wedding Music Guides,panic animal,Campaign negative,Enabled
Search - Wedding Music Guides,old moderns,Campaign negative,Enabled
Search - Wedding Music Guides,pat fitz,Campaign negative,Enabled
Search - Wedding Music Guides,twist of fate,Campaign negative,Enabled
Search - Wedding Music Guides,the stars band,Campaign negative,Enabled
Search - Wedding Music Guides,rockhill ramblers,Campaign negative,Enabled
Search - Wedding Music Guides,entourage wedding band,Campaign negative,Enabled
Search - Wedding Music Guides,entourage band,Campaign negative,Enabled
Search - Wedding Music Guides,rejig wedding band,Campaign negative,Enabled
Search - Wedding Music Guides,rejig band,Campaign negative,Enabled
Search - Wedding Music Guides,catch 22 band,Campaign negative,Enabled
Search - Wedding Music Guides,catch 22 wedding band,Campaign negative,Enabled
Search - Wedding Music Guides,switch band,Campaign negative,Enabled
Search - Wedding Music Guides,nightfall band,Campaign negative,Enabled
Search - Wedding Music Guides,blue moose wedding band,Campaign negative,Enabled
Search - Wedding Music Guides,blue moose band,Campaign negative,Enabled
Search - Wedding Music Guides,hell for leather band,Campaign negative,Enabled
Search - Wedding Music Guides,slipstream band,Campaign negative,Enabled
Search - Wedding Music Guides,green means go wedding band,Campaign negative,Enabled
Search - Wedding Music Guides,green means go band,Campaign negative,Enabled
Search - Wedding Music Guides,the essentials band,Campaign negative,Enabled
Search - Wedding Music Guides,the strobes band,Campaign negative,Enabled
Search - Wedding Music Guides,late night radio band,Campaign negative,Enabled
Search - Wedding Music Guides,late night radio wedding band,Campaign negative,Enabled
Search - Wedding Music Guides,the cazettes band,Campaign negative,Enabled
Search - Wedding Music Guides,red alert wedding band,Campaign negative,Enabled
Search - Wedding Music Guides,red alert band,Campaign negative,Enabled
Search - Wedding Music Guides,after dark band,Campaign negative,Enabled
Search - Wedding Music Guides,superfly band,Campaign negative,Enabled
Search - Wedding Music Guides,up to 90 band,Campaign negative,Enabled
Search - Wedding Music Guides,bog the donkey,Campaign negative,Enabled
Search - Wedding Music Guides,pyramid band,Campaign negative,Enabled
Search - Wedding Music Guides,southbound wedding band,Campaign negative,Enabled
Search - Wedding Music Guides,southbound band,Campaign negative,Enabled
Search - Wedding Music Guides,divine invention band,Campaign negative,Enabled
Search - Wedding Music Guides,j90 band,Campaign negative,Enabled
Search - Wedding Music Guides,last call band,Campaign negative,Enabled
Search - Wedding Music Guides,mass band,Campaign negative,Enabled
Search - Wedding Music Guides,men in black wedding band,Campaign negative,Enabled
Search - Wedding Music Guides,michael o neill wedding dj,Campaign negative,Enabled
Search - Wedding Music Guides,mixtape band,Campaign negative,Enabled
Search - Wedding Music Guides,spring break wedding band,Campaign negative,Enabled
Search - Wedding Music Guides,suzie q waterford,Campaign negative,Enabled
Search - Wedding Music Guides,the cufflinks wedding band,Campaign negative,Enabled
Search - Wedding Music Guides,the event band,Campaign negative,Enabled
Search - Wedding Music Guides,the gallivanters wedding band,Campaign negative,Enabled
Search - Wedding Music Guides,the wilful band,Campaign negative,Enabled
